sample_id,vegetation_pct,pavement_pct,building_pct,tree_canopy_pct,ndvi,ndbi,building_height_m,sky_view_factor,solar_exposure,air_temperature,humidity,lst
1,22.47240713084175,17.21867081851528,60.30892205064297,16.277734856623244,0.258055458508451,0.3097587412938082,23.616317974144167,0.5893132631262724,0.561505674469666,28.392595610843106,49.66387435296287,32.29404187585975
2,41.61424167749254,53.38575832250746,5.0,16.292950461500247,0.3296264203662909,0.3035359062896503,4.1943734248109426,0.9211211486154992,0.73137422215954,24.87792612722116,54.54740912141134,27.5819629997452
3,43.919636508684306,45.36766607135,10.712697419965693,28.3621161342326,0.32359711573481453,0.3988219320395639,15.163355000441866,0.8506374670775081,0.7967748828002778,26.650426680154023,44.835703561124284,27.45574965877464
4,32.883328449527795,62.11667155047221,5.0,21.835484622145106,0.35712448106825184,0.4003428713716205,10.780483709672552,0.9044935461335647,0.8751532619807781,33.70743486002082,48.03533416571903,37.95145787732428
5,9.361118426546192,32.40347207214282,58.23540950131099,5.19053799339916,0.0024882523915573385,0.45768205820341634,4.015173215265095,0.6350159290119367,0.5271554418225409,29.532305466189996,47.94140569119659,38.71370797546322
6,9.359671220172158,72.68662599473403,17.95370278509381,6.943626916514689,-0.03506292806962684,0.5475413343744943,5.769318348883013,0.871446902539893,0.8479029720377218,28.3551381105282,42.53421653459761,42.294855496781246
7,3.4850167300919677,37.24411751139142,59.27086575851661,2.9992758261372536,0.04988085634340236,0.5194684103168765,3.12481608475028,0.6353769779704886,0.5166856460375938,30.480054677558364,48.23225836884218,40.595036615281835
8,51.97056874649611,10.758635603620885,37.270795649883,44.45256384171711,0.39066183875433835,0.2329507192019776,9.32556376660282,0.6430175345755507,0.6360880721555766,31.505348208502635,34.51381701136253,27.798922698699684
9,31.307032519702293,63.69296748029771,5.0,17.860775472937473,0.19939461930108268,0.22343160356709688,6.584840948371944,0.9164176735811875,0.6660403210090999,33.352196447707385,45.08846252857895,36.83801427395837
10,42.48435466776273,16.39006737502935,41.12557795720792,15.631813581158632,0.37529265970706954,0.28206676859455215,12.12192850415572,0.7063510915132766,0.6400288066948585,34.34549768967878,47.15124506630329,34.87962835105177
11,1.2350696577481468,32.351954631329036,66.41297571092281,1.1003293868476554,0.022070592950545115,0.4890679909367301,6.527367199452367,0.5982211575739202,0.5073778123742637,28.92069406263274,47.4382024750462,39.08995489227672
12,41.04328227121019,53.956717728789805,5.0,32.971663256630194,0.3001423266328451,0.262868493152708,6.565593956246741,0.8710850102301094,0.7110620262608832,26.021856941753885,47.58502554129221,25.335216029670423
13,37.51251768387102,57.48748231612898,5.0,14.059601925055098,0.23608492153742341,0.2760073273695024,16.59431222827026,0.9278211942248347,0.825587883239614,28.759604516630173,49.382358001398714,34.76371586303434
14,12.740346640696568,50.14065216863003,37.1190011906734,10.861210863699139,0.14554563953957977,0.423581217833902,3.4934029323995537,0.7447023602648621,0.6785408634141779,30.78084151974866,54.79441518086064,41.022154225503144
15,10.909498032426036,54.22860485188595,34.86189711568801,8.966928999926626,0.11978604315734134,0.46977961907630683,26.319623621911788,0.7639278303060921,0.5357494481493648,27.108723221368166,58.745170741325225,38.28983902629364
16,11.00427059120603,41.39118653848239,47.60454287031158,6.726941801540354,0.0830753715406791,0.5702566308544332,22.123275316140763,0.6941919173735095,0.520703587598111,27.12854725531487,43.50234773151733,38.204686596352886
17,18.254534577572265,30.524754018864517,51.220711403563215,11.952435105276631,0.23836812642296143,0.5243786980409697,14.02032179513412,0.6568184262627909,0.600275433833113,31.031363644649655,37.967991446108556,37.09457159404705
18,31.485385897934272,33.006518175894115,35.50809592617162,16.983268232782425,0.19837884886716656,0.19658485141561582,11.994866400763401,0.736001619744623,0.6623393569515612,29.854042945288647,39.57955587756897,33.04120891259243
19,25.916701118526944,57.07629192539269,17.007006956080374,8.626554951224868,0.13105735040197863,0.07495509594785754,25.284288904430557,0.8720782934098431,0.8631955232745262,30.098390986234758,45.12797078805073,35.77780703603402
20,17.473748411882514,62.6662170606376,19.860034527479883,8.756415884891231,0.10519458380099789,0.46325706653135706,5.049723760839887,0.8545705451804471,0.7933075254215732,27.72451399589979,46.48078682183491,39.60852460876791
21,34.15103028639181,60.8489697136082,5.0,26.696272549080422,0.2709289414733596,0.13670800901289074,3.8226176032410244,0.8899111823527587,0.8767688069927098,29.308797857382697,42.30003933802543,30.102070098244702
22,8.36963163912251,65.27326999561878,26.357098365258707,2.534150487512233,0.07912402557911467,0.396759129984759,5.7379254003431885,0.834254958345911,0.7598078398954085,27.227300567195087,37.038833357501055,40.48080698058605
23,17.52867891211309,16.384427213408326,66.08689387447859,8.766083612451773,0.12816762840408824,0.3450477694945689,18.82690235862734,0.5771803859157731,0.4556352367827099,32.67059523337436,45.43879172525812,41.275710415393
24,21.9817105976215,44.609421329180705,33.408868073197795,11.845970574215938,0.19345645460668687,0.1986928499979076,3.352855434953265,0.7640088798381653,0.5589561367536494,33.10574800417126,51.814266201139716,42.127933958479375
25,27.364199053022155,14.0291132011651,58.60668774581275,17.032499865313955,0.15633662121465502,0.4619028521000157,11.74205939219567,0.5972623739291816,0.5581698547351912,24.461436413285718,55.950294658355645,28.256759442586958
26,46.82586654600755,48.17413345399243,5.000000000000014,39.89158176524594,0.44679516257172347,0.2986120498462345,56.89888108860084,0.8503252547042621,0.7595485835387016,27.21146741942277,44.42576946891679,25.976434344655708
27,11.980426929501585,40.907135096136386,47.11243797436203,6.0837518055466555,0.09173585651638425,0.3886521281580458,22.35833743835769,0.6990741167371878,0.4994575599319106,25.510412234729763,45.87002177856566,37.9844724936419
28,28.45946888839183,66.54053111160817,5.0,14.462302979573723,0.28354054268654105,0.03705789523194164,10.369855720088179,0.9266130910612788,0.7487174062868629,28.049928196779305,40.73301691152689,31.500147635797703
29,35.54487413172255,34.5640508786455,29.891074989631946,26.39209566114634,0.3014952603726656,0.2629782086271254,3.6575623215253152,0.7414772630787693,0.7318676767050064,29.749686090628916,49.685608296252234,29.171488157209623
30,2.7870247631998635,18.19469114993241,79.01828408686772,1.5923129887338459,0.04513385906328811,0.5860688696611905,20.800691543267394,0.5211133565125922,0.44300906575195137,25.65106434090441,41.515713658091855,34.318798046086485
31,36.4526911140863,20.00941774369851,43.53789114221519,15.848277474245014,0.3201098929243006,0.19337386095067222,12.137402575437054,0.6912278207239739,0.5735937998031823,27.23442056062406,55.731278132412,29.86916914358112
32,10.231447421237492,63.305744220223055,26.462808358539448,5.8469008987323186,0.1042370073707657,0.4303358190100445,4.220919273028173,0.8236824471525663,0.6896774522583076,26.988127883755503,32.14133508065889,35.049161853625705
33,3.903095579116771,53.27526443213827,42.821639988744955,1.5007957218542058,0.06336090262631136,0.4684999127437232,3.985584630744615,0.7385677729019676,0.5632796555112344,30.621801988196832,46.40370327547538,42.6287118625489
34,56.93313223519999,17.07858732859532,25.98828043620469,23.105297846956347,0.5219226843882215,0.28217318189171825,27.038077307843388,0.7747544238419029,0.6280253502082517,30.20803301110875,53.01107339191742,28.076727738454718
35,57.93792198447356,15.88747642804982,26.174601587476616,34.706012477275564,0.473329434360862,0.2325555520784743,14.06242110688051,0.7388343530433137,0.5991532684505576,27.83478733998824,51.83834516322504,23.069653896750797
36,42.83529717529825,52.164702824701756,5.0,23.617466826883103,0.37813256528181166,0.1413519172106515,20.677703195224048,0.8991475995193506,0.6435257868808513,30.530462616418195,76.93033663980496,31.565376779036878
37,18.27682615040224,15.093410445493546,66.62976340410421,15.515335538058524,0.14172782448885657,0.5798093723730486,24.117903707549416,0.5536754129611992,0.5150677861814315,28.359959746238204,53.49800024567907,35.64897966262425
38,5.860326840383032,67.53020415032493,26.609469009292027,3.0323460683854693,0.11888847549553791,0.4139246733543549,11.481003370649201,0.8312461477390914,0.6857376147782714,29.18503466902184,39.959454031579895,43.24623587771748
39,38.8107460082362,56.1892539917638,5.0,25.16306400126007,0.27666635296292613,0.25202656201606205,10.286631763115787,0.8945108079962197,0.8467922040596736,35.02035627089561,49.04535752910927,36.60070110265015
40,26.409149624376077,15.694414644932984,57.89643573069094,17.94128219640271,0.3013202186405494,0.31682947705655795,8.628690420945743,0.5987975390266462,0.5719141644346987,34.02138315537104,32.23753666533548,37.01958521483567
41,7.3222940906867295,15.938639985963434,76.73906592334984,2.2542171044645243,0.056570455193276664,0.4798607303648017,6.811822201133832,0.5328029531465074,0.4068473847204393,26.101256289217208,49.194002507032394,34.931068800557846
42,25.94804316246553,69.05195683753446,5.0,18.114910770138792,0.13604559019382184,0.21772755594744775,8.702146898831337,0.9156552676895836,0.8215314409876593,32.48919725363752,41.669439429992416,40.31852446376169
43,2.0633112669131037,36.19895570292842,61.73773303015847,0.8393995498888068,0.022911710880844295,0.4979276150003222,17.86687924666726,0.6270554031693828,0.5277828393542625,32.434189663474776,59.15390275560162,46.63719659964259
44,54.559224124726924,35.944950294682364,9.495825580590719,47.82891774768116,0.4024212101240714,0.3719256026765081,12.211109078171102,0.7995382932734122,0.7707925101066401,26.555210133742143,44.504597254044654,22.767595847155487
45,15.526798896001015,66.89596970802518,17.57723139597381,6.042993435092425,0.16624656861744433,0.23585715291480794,25.30481105629336,0.8764076313188798,0.6702083752080645,32.45633293126458,48.832340842047536,43.607295013413676
46,32.53849820251574,62.461501797484246,5.000000000000014,17.856297243521578,0.22767678665500643,0.11848986740226294,8.85872523921944,0.9164311082694352,0.8278525064965405,34.61379575523766,43.64442158595597,37.5603626899417
47,18.181573206930636,76.81842679306936,5.0,6.385546705094648,0.12314341399470613,0.4843907399216383,12.341736287652889,0.950843359884716,0.8389534728892548,26.632365581266757,67.38851351853332,39.73902017201085
48,31.20408127066865,62.736472968125916,6.059445761205438,28.02515148394336,0.15515561361807262,0.2663701987245497,12.977924596909265,0.8795678709809374,0.6936188172642708,27.24749153695721,46.78757233882088,32.891737276398494
49,32.80261676059678,36.338170987164105,30.859212252239118,19.72477130596685,0.2398056181223204,0.26360068359609945,11.957461306595128,0.7556704125686647,0.5599368671638655,33.052984400530505,68.32557043479201,37.471538684943056
50,11.091267331531622,15.845050168906813,73.06368249956157,7.2895248348306,-0.032463827679194854,0.6057527644126044,15.127908125529778,0.5397493304981389,0.4833411686817705,30.814485932476945,58.141517621182665,43.92797203549841
51,45.08762852473941,49.91237147526059,5.0,15.340880134564323,0.2815058870236291,0.16908793192735594,5.710655197166128,0.923977359596307,0.8515183504683113,31.65442882571857,54.82066727335386,31.76049701805959
52,46.21788315811368,48.782116841886314,5.0,34.66231618390201,0.4077637980721243,0.4077294387222389,10.181855969024138,0.866013051448294,0.6882103557417113,31.02176764920149,53.6873314731752,29.7331650841576
53,55.744728765028505,39.25527123497149,5.0,23.74409684153407,0.48524783805276966,0.2548136720738129,4.1006579347833085,0.8987677094753977,0.8030038133864358,31.172087762784432,53.93797298216251,28.697516254369233
54,40.1190706247302,54.8809293752698,5.0,33.6531832651674,0.3422254430870898,0.20073257668650896,7.8533873749905965,0.8690404502044978,0.7113437376952723,26.02058361506675,30.7232742065439,26.712017641065806
55,35.87399872866511,17.783823761430593,46.3421775099043,15.177707139709737,0.23864318267286025,0.5649191814316985,9.687806086687532,0.676413813521445,0.6182165657902934,33.14195311986435,47.21116605849244,36.242725846199335
56,52.65413451897606,42.34586548102395,5.0,21.820538492657793,0.4188475083447095,0.13881196962376197,13.561974309192884,0.9045383845220266,0.687236228042852,33.50876997728332,58.451579711843216,33.756595702227344
57,5.309550123115169,10.794755133719335,80.0,1.709302412988153,0.04229627403039294,0.597388557735808,33.06410131231943,0.5148720927610355,0.4979145233570922,29.31182776779592,49.51102816525894,42.64424978560673
58,11.758971745148711,42.80624493958884,45.43478331526245,6.858304645164903,0.036153539501562554,0.4737629376905793,12.179197243331002,0.7068163861729306,0.5557152140186179,29.869569150558412,35.94810153196425,41.24611893838181
59,2.713637334632284,13.941229297728615,80.0,1.7337555928041526,0.0968790137654158,0.6659390461307942,16.60992826356592,0.5147987332215875,0.4171598414331666,25.406677492332832,49.4759554942253,37.053622734619196
60,19.519819845795862,18.317254138765037,62.1629260154391,6.625518436111037,0.20002667329515045,0.60239769232038,10.057584888556772,0.6071458885990323,0.4355832089792055,31.542764268053503,67.04105516255491,38.161552287448416
61,23.320637381368922,18.22683727439734,58.452525344233734,17.847670211319645,0.1755168903594682,0.4268229160695684,13.054062247174016,0.5957418373006387,0.4369490331853679,31.71617232514243,62.46891715534719,35.55644931590387
62,16.280941906433753,55.44472114812445,28.274336945441803,9.312264083150739,0.13159182720119658,0.3160831192305303,3.7357357849613004,0.802417186077897,0.6858729671682928,29.813426949002068,49.379959906339685,40.47363409950489
63,42.19663999000155,52.80336000999844,5.0,25.935496442445974,0.34799226031739006,0.2872106543339054,5.935547238851391,0.8921935106726621,0.6961587923749305,33.373060079611506,59.514492770580866,36.02823827607085
64,21.405199601615358,50.83581355680117,27.758986841583464,12.082328625586038,0.06915485339170832,0.30212563830149486,7.491867607094905,0.797199093073741,0.7578525886244353,28.997768307060177,46.33492979631948,36.77937272174594
65,16.856070581242847,77.35207839321794,5.791851025539216,9.109995438654506,0.12248969552391292,0.5454981444787694,9.395938165672087,0.9379189075308012,0.6606775973821147,31.6938177776808,32.96128413173281,41.759062722532605
66,32.56176498949491,36.24094056665928,31.197294443845806,20.70225566486923,0.2263949075160694,0.3458010620379857,3.467234840023412,0.7507094663423174,0.6108734737312395,26.941006983923653,40.75534011870445,27.123672185297416
67,8.45545349848576,29.99984603973025,61.54470046178399,3.3242120578821077,0.017562627493140297,0.452735431798414,4.5085091053799715,0.6207591610556498,0.4973545143184272,29.929343547377286,65.62888768508198,39.116972386306735
68,38.44596247665689,56.55403752334311,5.0,15.730429990078786,0.29351268516895734,0.27468418067986333,6.2408925410334115,0.9228087100297636,0.6513168088673353,29.476937226291493,47.26006918170696,35.721729739476714
69,4.47303862078625,25.651708696361684,69.87525268285206,3.6547918056149107,0.12566863530876612,0.3871457219295895,38.58998899231591,0.5697841084860429,0.42010781714473266,30.675923766122825,47.56616020624982,38.940918367700405
70,41.16880261983578,53.83119738016423,5.0,35.720905215643285,0.3613925640220368,0.14816338566959175,7.02490048644112,0.8628372843530702,0.7110579957429496,28.891419213499923,47.00161803725119,28.21328870823123
71,46.334686157799446,10.850813228287144,42.81450061391341,24.278707853102862,0.3421185397732558,0.42033164739107154,9.57859302628751,0.6702768727572109,0.5683005306369127,29.605582212984995,69.04136589573007,30.90678881928938
72,11.922940892050345,77.89151786953474,10.185541238414913,5.513725908451953,0.1240126662042107,0.3069898910114889,5.18277550445643,0.9223455748441546,0.7575103601915252,32.47814151432452,66.25958915362062,41.7522343843752
73,0.33132702741614395,13.021193836540327,80.0,0.22742278081608572,0.07261838804862926,0.4273936770779673,12.436107251399159,0.5193177316575518,0.4462400174016349,28.689707288285348,72.18780233448135,39.92278961369631
74,38.31685871314855,56.683141286851445,5.0,20.89190330506555,0.35276655385082684,0.31039784040013446,6.294534279114121,0.9073242900848033,0.7971202303915955,25.180268697783962,48.40954789599949,29.1038659336231
75,42.41144063085703,46.93907763604099,10.649481733101979,13.369435338810632,0.3422730435428649,0.37022361640907553,5.319226985492502,0.8959948035849562,0.6298638701581435,35.24875171261626,52.95624488747095,38.86276127517532
76,33.715289583052545,61.28471041694745,5.0,13.273424898523913,0.23737547777914167,0.3470341727342965,10.268541893244205,0.9301797253044283,0.7806333800937724,34.14436223607146,34.833574505792086,44.5418307985078
77,46.27622080115675,15.16575953147792,38.55801966736533,33.762359610130126,0.4051209320899335,0.3916159247106853,3.055210119373098,0.6673648031654177,0.6600570065892848,26.123211914683143,64.76934426118274,21.594465924957092
78,4.442679104045421,48.76979990809245,46.78752098786212,3.0892363079413077,0.05521570210345085,0.4001248167025965,3.076935522704003,0.7100071651490033,0.6075600069549836,32.06912341573558,38.32220448732065,45.74466083144041
79,20.564339014897666,74.43566098510233,5.0,6.5036284099413555,0.20927437312056796,0.18556157726622494,5.472682368674306,0.950489114770176,0.8585413453440547,28.491075688345973,52.16775563762629,36.71091542367355
80,6.952143571507783,46.61684909191042,46.4310073365818,3.0115524746338385,0.08737573865616075,0.6151868055826811,3.374125658381958,0.7123792985566078,0.5653151158940214,30.79046164599318,39.02697472367156,44.26633979099824
81,46.48052231883307,48.51947768116694,5.0,20.38844303972892,0.4243218143166313,0.19180992684045417,4.143180191627662,0.9088346708808133,0.8472133294449852,30.882672387040483,44.11133173261304,32.437220430898186
82,36.969702246128904,58.0302977538711,5.0,25.994715477146446,0.26899585739100285,0.23703788936997974,7.137906434050309,0.8920158535685606,0.8312485621171523,29.296776599051036,41.627375689503,30.756922083662314
83,19.85388149115895,41.817874533744124,38.328243975096925,6.190962855768982,0.2247007552109879,0.5300603761704639,19.224506094256462,0.7514576475821114,0.6435399238066875,27.64870300324081,43.92124739324182,36.56229535244448
84,3.813501017161418,53.92906560588444,42.25743337695414,1.3822612151244684,0.04038798837191133,0.5248838636253286,11.487457425913128,0.7423086160929019,0.7369670723988119,27.928376843051222,44.608772968510216,38.40625057705609
85,18.658939302939732,50.90200183461702,30.439058862443247,14.553033201536019,0.25303455805478114,0.43183113772128834,10.188091009880626,0.7737065472207325,0.5707362900045629,27.251424253556273,44.517312050749226,35.032893877482365
86,19.51099932160482,73.08106073436923,7.407939944025941,7.943450664612405,0.1216286036683602,0.553272117091741,6.474162570366474,0.9317220083420071,0.6569425595496933,27.504533375308664,58.33333911780307,37.9055339816898
87,43.77637070028384,13.181246623902052,43.04238267581411,30.27782456437983,0.4370091557605332,0.24662745951247855,29.84632343586216,0.6509122302519759,0.6060301809548885,29.798465129851934,38.9513720693748,28.889792066443686
88,38.253448281312785,29.667423271456123,32.079128447231085,16.942822102155958,0.3159231254236347,0.4039284765773347,8.058630265746682,0.7566967630101457,0.7129193288180183,27.852720032667744,52.20541427013867,32.41453640641117
89,38.972345151837395,56.02765484816261,5.0,14.016982114149192,0.27920786103397677,0.2598119318823589,3.911210101165756,0.9279490536575524,0.6830281929118572,32.04615619713786,62.179591523055585,36.4867370656906
90,26.742063527064854,68.25793647293514,5.0,11.924374765953226,0.18974221651380274,0.3298909737780662,12.59893976209954,0.9342268757021402,0.7283931990740108,34.46173846600778,44.86803635486604,42.26374217608467
91,7.175654756298102,41.895972694999905,50.928372548701994,5.26233931382157,0.041387872640668816,0.6260009687134648,4.208559448706629,0.6786427467663233,0.47862345796263717,28.25984027588987,42.82081109252398,38.51433772307086
92,42.259122217837074,52.740877782162926,5.0,34.37432564159616,0.35928127506279245,0.29174708675761407,7.234607774232656,0.8668770230752115,0.6830926647593827,30.71821350160613,47.69475374819749,29.520519913595333
93,45.64710291701385,29.416682808679287,24.936214274306863,36.43240983608741,0.3913185977378858,0.32111362478552163,10.08082029719746,0.7410854848458965,0.6906491055384327,31.499055330908803,61.797252083607106,31.720558817414346
94,33.67663185416978,23.168481180663292,43.15488696516693,18.1284716595512,0.24072805463642924,0.458853980244635,23.732410022989164,0.6866852632303448,0.5873824426558135,31.41600681275782,51.94107630953358,37.489176466962796
95,46.25803079727366,42.45888834579875,11.283080856927597,32.41999093279354,0.3688465167651402,0.20103876557047204,9.80322924655953,0.8350415420600538,0.6717313637131045,30.227865803748262,44.68785705392401,28.54170545568487
96,29.627735781863443,34.7346559618237,35.63760825631286,12.532253060965864,0.3441354041855007,0.26884330665127126,15.115305120925102,0.7485775912792252,0.6074870256849031,32.22804725507917,54.838766511880394,36.683898043280884
97,31.363969762919645,50.85592782956105,17.78010240751931,14.925756857660861,0.3372889166083928,0.20562340636125664,52.3601574197811,0.8485421149819017,0.5943240630155803,31.446746858041973,38.977078501635766,33.941363460966336
98,25.652461101512976,15.441424587548939,58.90611431093809,21.491670161557384,0.2270358722958054,0.21856672527822404,4.409751659159816,0.5820883036496993,0.45981492671190943,26.287012733018106,56.81359510442948,30.403571367434825
99,1.5251476046457113,78.20763653663165,20.267215858722636,0.46944219289262484,0.014101354745575705,0.6400545542928946,6.212133830469017,0.8769883782689863,0.7839729058223479,32.60746819316782,54.08607307701767,49.39506558969411
100,6.473485619598267,79.0347521135722,14.49176226682954,2.2741686327831045,0.057789451292699204,0.2927687454830977,8.01826364836475,0.9062269205006734,0.8992112135870405,32.661872511800226,46.92191528861116,48.77131045493895
101,1.885751141204055,58.87131998138216,39.24292887741379,0.8009383880905716,0.04576190776615327,0.4488174908314342,8.47884185521464,0.7621396115712454,0.7271713109962898,27.710141687464255,41.61414201552769,39.72359925880362
102,38.184624675826825,47.52674564408843,14.288629680084739,12.063260750794642,0.2543373691466943,0.24815743066797008,8.293648774062827,0.8780784396671076,0.6208703766889594,30.113813506342805,41.133190777165424,33.27851400145245
103,18.8613588645796,31.666933140042943,49.47170799537746,7.7116789705617625,0.13802204404546956,0.45423865031334654,26.817473827119144,0.6800347151160501,0.659340022025603,32.04998697843321,55.348173363459104,41.12530997641117
104,29.737957797289297,65.2620422027107,5.0,19.32446653969622,0.15447445868443493,0.37262189006477253,15.518776161694253,0.9120266003809113,0.8527079561579789,29.372058541261914,62.28980502489062,36.52635734288587
105,46.03035149302716,48.96964850697284,5.0,25.448097562846364,0.38820396807448126,0.3119259428638659,12.362516676317526,0.8936557073114609,0.8347752681216628,33.218934143298036,43.626922529712054,34.08758387644646
106,14.957533748932496,21.38318575414239,63.65928049692511,12.498560471770451,0.15202006697659703,0.4091806821412263,6.7015498982939885,0.580548635603138,0.4861506888226607,37.09161748385808,54.58386703551484,43.7586741783733
107,23.77511032658773,71.22488967341228,5.0,18.793419617630477,0.16604155949773314,0.2981873873150079,20.360809938777113,0.9136197411471085,0.7486214666202575,27.642041902095052,29.129729813979313,35.386418123206695
108,38.14202224543027,56.85797775456973,5.0,19.265169693029748,0.3838355161279438,0.2856899060671089,34.02438393798156,0.9122044909209107,0.7214394701083032,25.856866190538675,44.153822693428005,29.29250675529974
109,13.727889929497348,76.48599393043469,9.78611614006796,6.255168782415444,0.048534836285861714,0.33979155994379184,20.214778108650663,0.9225177968123459,0.6639438607319859,30.911455786814628,49.68941067129098,40.373426426262235
110,4.61879458972758,60.8003655871852,34.58083982308722,2.437871121280439,-0.03626838729267037,0.6114210588892635,3.0156633124804175,0.7852013476976354,0.6034041578905984,32.16468751537843,40.90316583018166,48.228491284120345
111,17.385087174826083,52.93906371550529,29.675849109668633,11.372923573135157,0.15030328832660728,0.43890884468385816,13.117046850671212,0.7878261346225827,0.6097625307943925,29.307400878465693,40.63493625210404,39.54022470354757
112,9.673277235240265,39.27701254034332,51.049710224416415,4.457815519192611,0.12974113301252985,0.5368940901128535,3.5248914749504454,0.6803282920959237,0.5750292022907689,34.3597819899631,43.322204435311136,45.8167037902504
113,40.43000894586356,54.569991054136445,5.0,27.269610240493947,0.40763645613980193,0.3145680910832871,5.978768232224756,0.8881911692785182,0.8208958749347045,25.984182600830252,52.921927283263734,27.181500307669342
114,38.67198902688005,56.328010973119945,5.0,21.101254460673903,0.2864316990715934,0.3726594296410123,3.613698935819663,0.9066962366179783,0.7635678421168933,32.078755869094834,48.12670981593625,36.563414097936466
115,38.00422539062541,13.165306907433258,48.83046770194133,23.989342909602424,0.35796784479656807,0.36374618971175166,12.25824668128792,0.6350491650595448,0.4555546363391058,28.18241753772332,27.617687666750278,27.199584281893323
116,52.28763541126306,11.845688214807641,35.866676373929295,29.368705592543144,0.4163756598150691,0.1328996163072217,14.602427654447604,0.6966938249787947,0.6878715494780014,35.15813371862189,28.792998473649337,32.472148235998276
117,48.220324613946865,36.352435681463476,15.427239704589653,22.985638091866274,0.37713123191453396,0.277941976128656,4.21588861456813,0.8384796474968633,0.8240722996760299,35.977546059504355,43.931348221428244,33.732674633211666
118,11.19420353316215,66.7387331547283,22.067063312109553,9.728568675849706,0.13373662513963083,0.33422162311238757,7.842467961493605,0.8384119140997935,0.7843820202105154,27.70003023664996,54.57686586053552,39.00403394235475
119,38.34973818387311,56.65026181612689,5.0,29.07537082419113,0.3394140493916558,0.20373937908953194,9.092408857707893,0.8827738875274266,0.8804772369126745,28.35132859227426,22.524951572747653,27.393021480340472
120,32.36053451493904,20.529182377246972,47.110283107813984,12.428642710714517,0.18006466827029982,0.42341483003138114,7.605334481187394,0.6800523732209725,0.5871196120339938,32.57876366093941,45.002698238483696,39.96737830205362
121,46.00772877917838,48.992271220821614,5.0,37.77606208686143,0.44188884771972187,0.34979739202665006,4.2899882366411735,0.8566718137394157,0.8471032222642867,28.838608050631457,44.73752143482579,27.210340609791107
122,53.7654779954096,36.66235996417151,9.572162040418903,31.853826216879092,0.4991283916706493,0.20620956977280563,8.429146641838809,0.8470055491068493,0.6121152510576455,29.863766346203285,63.88337778208448,26.161369318692408
123,18.691770613383657,76.30822938661635,5.0,15.639990200092631,0.11825602983159278,0.3661162188063618,16.91017689728074,0.9230800293997221,0.7474217993366112,30.07616526162723,46.149781882871366,37.763230031123925
124,6.6031154716606055,68.9483246194996,24.448559908839798,5.149856610879045,0.0726151004451553,0.592706152394561,3.736547905072361,0.8378590707143241,0.6431526714305963,24.240980531407033,53.829889847409284,36.06843747390748
125,13.676109752516501,68.68300932977965,17.640880917703853,7.591992858978992,0.13411038733426897,0.40465264077419855,3.835772955647598,0.8713787359168399,0.6611585507328728,29.95848676171729,51.41257140087463,42.2885942631784
126,25.62646731757538,42.80852118564792,31.565011496776705,8.03342559246102,0.21804542683179842,0.6207924651412915,7.381504387364304,0.7865096542419567,0.5837796215643176,27.930816677807478,28.694335201927995,31.992531116090007
127,49.080885955349586,39.037365163636565,11.881748881013849,22.636419487459083,0.36513182995052573,0.2839909185037838,31.42594305527841,0.8608002482515397,0.7632923189286241,28.520631532800685,57.682072166317376,30.585840303252997
128,51.64383499538061,29.138495035149436,19.217669969469952,32.27639130449321,0.3795695115661423,0.05578372404183568,14.043466388409175,0.7878648062697007,0.7361781621425806,34.33089601040644,52.15396505456288,32.14674728797927
129,0.4171278318714422,13.946284765564897,80.0,0.28368318738574966,0.002059319105399273,0.6111193011727128,14.352865116996828,0.5191489504378428,0.4534711674361793,26.23047931716223,55.0826863967459,36.480145709687925
130,28.774380881350584,66.22561911864942,5.0,13.084649355564109,0.28883149801377295,0.33301831496287543,7.492915972898056,0.9307460519333076,0.6925577248725096,32.43961556024393,89.26237706436326,37.07712982407979
131,25.04466018892674,66.90307063910544,8.052269171967822,9.607473368928094,0.2275372892411356,0.4449011729965032,12.005669785734462,0.9228639648614088,0.8705718448972269,29.163111209004576,29.158870605014116,40.1018189096808
132,13.326468628243815,79.98023713002914,6.693294241727045,10.673943552959969,0.08808103242164522,0.4273988490974747,3.1018285375254306,0.9278184038907579,0.8264880271277699,29.160719494512495,67.24696649761108,38.63392957553241
133,7.191922040020968,79.76457859517338,13.043499364805655,6.40542285579424,0.09612031185258499,0.38347371217115006,13.108653099260426,0.9025227352437833,0.7368644271171195,32.371115688155136,47.12552480599644,42.87889739750381
134,20.25691028421768,48.88021939218392,30.8628703235984,12.466388401385029,0.019628151242237657,0.2582682758813895,27.451508595398124,0.7774236128542545,0.701421971965024,31.020153883706673,52.873289044030095,40.683519403640375
135,44.63804064483526,50.36195935516475,5.0,17.989468357194294,0.4145426101772872,0.2105455116920565,12.482290438928432,0.9160315949284171,0.7126464682495868,31.711838991658592,49.54487754698758,33.625538547926446
136,19.285440748284095,75.71455925171591,5.0,8.936572311032993,0.0672978370473678,0.24780619158593364,23.690841132375436,0.943190283066901,0.7579077791994736,32.90455398159858,45.757636666019565,41.002520943899015
137,29.393892385607636,65.60610761439236,5.0,9.142511856083143,0.21702909201470447,0.23437208547709723,15.872567929071607,0.9425724644317506,0.9192397927748741,29.00607485045003,44.30167071761241,36.26377673641671
138,42.18113753371067,27.314367122023835,30.504495344265493,35.794039483974764,0.2814656055383781,0.3511422809957493,4.28468137025997,0.7095909094824828,0.5585554435541806,28.16328979647675,53.29508735573009,25.588193919621308
139,21.817776142757637,41.53808947170654,36.64413438553582,8.08677290306593,0.1098081353560158,0.5530076146351817,26.27424115981774,0.7558748749775873,0.6356881095147551,26.744548420326606,34.82826303328321,36.95375741221093
140,58.30692496325764,19.04115906060465,22.6519159761377,37.6610192157121,0.5244967390749872,0.2515432850815429,3.687541617901371,0.7511054464960376,0.7263507694817236,27.523768410063134,57.50579167521766,23.85852988182978
141,40.77850946334244,54.221490536657555,5.0,18.938890885165712,0.3028430156411449,0.12729765594311182,10.634998458928468,0.9131833273445028,0.8331121303821655,38.84728327592617,45.83805595114746,42.82066515823154
142,15.10693774952185,52.432224411561606,32.46083783891655,9.555240876552828,0.13818069608271058,0.44895419150175975,4.533110102075156,0.7765692503368422,0.5580900090491664,33.73403874221036,38.69930660959642,43.75171165098031
143,29.834910353543126,26.00499638524239,44.160093261214485,20.61151443943181,0.2363332538843858,0.4886436937728216,3.1177567261448202,0.6732048971144178,0.5009929672106318,25.946776901375934,45.49987142004186,32.16095405249969
144,18.05269858900618,57.01904790840997,24.928253502583843,14.40325679011652,0.1682736300732055,0.3166674222172047,8.482406856437375,0.8072207086141474,0.5669534643677738,26.03262612976929,62.571492168625724,32.920425718035766
145,17.090429662648056,53.26897683205271,29.640593505299236,7.243825834333786,0.1405645318541972,0.37751775169271445,6.496152191903777,0.8004249614652033,0.7117991379151628,31.445598185155475,44.64664912983777,39.08544130889221
146,2.2132168412719677,35.071390262298834,62.7153928964292,0.6785667442840042,-0.046443876479252744,0.5180467379006902,9.655329742231592,0.6216719423885727,0.5186621620511931,31.6417943921339,53.5845361820962,45.476998428684624
147,36.57386003879381,17.94903145397403,45.47710850723216,13.976019536913341,0.3424042212827075,0.2661689455510651,11.608557570924074,0.6852092903458671,0.5072484158315205,31.646651505952093,42.69043724284526,37.03694510695248
148,30.16074139373169,57.01012369149597,12.82913491477234,25.335360121910504,0.21659810199178792,0.36984334763900384,3.4472446625591258,0.8470191101456345,0.8363299291406381,29.235132619338906,57.5792184992362,32.29761114055056
149,3.088725074999361,46.421539063265534,50.489735861735106,2.5461412397160954,-0.05311929433299267,0.47652975656269464,4.312520438846815,0.6894231611104411,0.5921441171359506,29.6236372199913,56.85507738790204,42.01590062252641
150,16.718787854196687,64.06228742149474,19.218924724308565,11.008450106160756,0.11234454478527788,0.4135159424225332,11.178998397282466,0.8516611013356663,0.657966103715935,30.98363857247807,68.48608833296412,40.949209714803374
151,51.305609306366954,43.69439069363303,5.000000000000014,33.87761284588716,0.48548286398265117,0.11602834499432223,7.203260161910579,0.8683671614623385,0.7382693236540938,30.25767901887999,48.244360545007844,27.103473421250893
152,14.373713440018346,69.65270502229781,15.973581537683842,10.047541984223876,0.15750079462582142,0.3307064792829532,16.062768385614582,0.8740158848212254,0.7900108093122491,23.342098881757394,56.686548047579066,30.865307087622178
153,8.693692325473386,48.633478714213986,42.67282896031263,3.5228820610882985,0.05211693188339413,0.5228090244015089,13.563912212517101,0.7333943800548594,0.5301500902388784,29.31060110827442,50.98067539538945,42.49487694019695
154,29.367165616653782,49.265658007477036,21.367176375869178,24.922361919691113,0.21747443971730884,0.2879823750759465,21.682368994973682,0.7970298559857116,0.6236050418339022,27.44578069721906,62.95871781863014,34.22831526203433
155,43.049822488124335,51.950177511875665,5.0,23.731744802354743,0.32831682734412554,0.4104970951708432,14.792568641026975,0.8988047655929358,0.8467546645777279,30.525634256725535,42.8116761239127,33.364830435585134
156,14.523316290690024,38.243800634867796,47.23288307444218,7.695660104557163,0.22002392950356225,0.396408882424664,8.619980086040062,0.6935157212396754,0.5810964491055258,38.95577700781023,57.45005312877281,46.9349339456683
157,40.328132844352716,19.38106599154485,40.29080116410243,24.65462914566558,0.3417218353663994,0.34173754352598257,14.17693041105615,0.6842913055783886,0.591209309741047,31.102444996422914,48.053027038833186,29.49697285974966
158,45.697176919723056,12.014787341933728,42.28803573834322,14.99688033167223,0.3870794977173379,0.39504644698510316,6.221095199801293,0.7012811445749241,0.5819545116283866,29.059410941482806,49.358118228915025,30.394349321235566
159,14.25825263954398,62.85960789715333,22.882139463302693,5.700021960750374,0.16558019381794395,0.24689469507512635,6.657351478809945,0.8456070973379327,0.6030615990580488,32.765404505931755,50.91752484448373,43.805565321829825
160,42.741576147047034,52.258423852952966,5.0,31.749304853455044,0.353872067127702,0.06295281421373425,18.55826815850317,0.8747520854396349,0.655823449475397,31.44806366162764,52.52240396426677,31.212616296903107
161,22.066987963155192,59.28558376694565,18.647428269899166,7.716366714027987,0.1635837964142064,0.19646127323016807,8.913481289156753,0.8649663302385211,0.7210899860362738,31.260283471355525,48.83770956878042,39.02142771073231
162,37.938349835614765,24.90749130562375,37.154158858761484,25.11106239049934,0.29368930623066924,0.4488133287177821,19.013722302693466,0.701741859675933,0.5352575610269136,31.820551779647012,52.147131831705266,32.789905180695655
163,38.01178264565368,19.546003291073884,42.44221406327243,16.99922901140272,0.3005141981945263,0.27765148295468545,20.283474342218728,0.6943490285861573,0.4964551870101684,36.169630694488625,65.78118057562185,36.858128649865414
164,32.14648104448551,11.018126596751735,56.83539235876275,17.152634759846702,0.25531073653039205,0.6409047891064086,22.488508322579456,0.6075297415678834,0.5790334978100893,26.607334694022253,59.85449685615218,32.120942336474876
165,5.417386203264498,34.54112911646179,60.04148468027371,2.563595140909627,0.079720566807965,0.4419886646817506,27.84529550993177,0.6320603064956289,0.6284940697613479,31.420896230434362,58.69154592496896,44.46955265607688
166,46.94913833935024,48.050861660649765,5.0,24.103858043112307,0.37819040100516693,0.24065857696230275,8.638488706998093,0.897688425870663,0.8419804515240641,27.220856610055385,45.444604739761296,25.24620621783281
167,19.24680389830415,37.45708315698126,43.29611294471459,14.077642488067111,0.1906064350472122,0.5638160055530002,6.839974241431472,0.6979903948675111,0.6673733787970281,31.666537939026746,41.10759171771676,42.21116372587423
168,11.191110623991253,40.62324454166104,48.18564483434771,5.35240638019479,0.08549305598650091,0.6522161359886427,11.727494298500833,0.6948289118533294,0.5368200501428058,27.243940465541716,59.55300558237753,39.010686679497944
169,2.446508493285835,73.29110861456239,24.262382892151777,1.565380805859471,0.023503827462091214,0.6448890894748001,7.6389818297259,0.849729560229511,0.8396926333948885,28.747899559184745,58.760467925297945,45.94503555663519
170,35.45357659129451,34.37788269163103,30.168540717074464,20.762686614797754,0.18371857850375067,0.4393593981282851,12.189797610752633,0.75670069585316,0.5743946323745969,29.114730257286283,64.72670675750982,30.613296655368803
171,40.653861710536944,45.979264241186755,13.366874048276301,28.38463597991548,0.3710472774194197,0.36652455383555105,15.227678723694611,0.8346448477705958,0.8224831902095745,32.92745015803413,43.9601937403077,32.63989816709151
172,0.9952697356713691,64.85571089188002,34.149019372448606,0.8580198929175086,0.025286581680270585,0.5235696547223301,14.660510706740872,0.7925318240865558,0.7913000617655894,32.75536333182724,47.70451344639653,47.34043913333416
173,30.72558349795686,37.75799476248891,31.516421739554232,22.72289813405121,0.2957051734766375,0.41796661710394484,7.692885042407799,0.742732775160521,0.6784988990094033,26.262847870660845,33.605158374745656,30.40558081130793
174,13.589746511876278,53.54606901595115,32.86418447217258,5.829515109691945,-0.03609479681467426,0.3562508112639868,4.825538258048164,0.7853263478378887,0.7808838505641545,30.164802332999546,46.07528893939127,43.87369622001901
175,33.71493946217648,61.28506053782353,5.0,10.745284345152195,0.37413825093644826,0.19332035380906346,8.63048013597861,0.9377641469645434,0.816663098539616,27.871260435752482,59.96570510579447,33.43292290506776
176,10.461985740299486,76.46644365603495,13.071570603665563,4.784877337084672,0.07671640451463721,0.383957752505038,4.538438949861005,0.9072159443667527,0.7056892942347452,26.224485267973996,45.33504620771802,37.14315035028301
177,41.456264286147956,20.295143665032654,38.24859204881939,27.23870406542267,0.3870592551260595,0.2936536647005541,25.081574405370667,0.6887923355108156,0.572454459866443,29.348948848726888,56.40479795200824,27.299234406787935
178,22.478822741736902,72.5211772582631,5.0,7.4372418699183225,0.1278352855776187,0.2747619041003249,7.2446057617394,0.9476882743902451,0.832135013651546,29.07455163463254,48.094968940021886,39.7462714167423
179,53.04776981247593,41.95223018752407,5.0,31.71300439827101,0.455020853752936,0.2674476654957679,4.677795035251999,0.874860986805187,0.6315835530052964,37.280149459036565,53.24057028221561,34.062441758057886
180,8.251256648759595,28.077107180927083,63.67163617031332,5.430199109861939,0.013339275031393948,0.5898687666026393,3.2577715439667667,0.6016795856485343,0.5335110812297923,31.29887947608209,38.523086101843326,45.14474580902897
181,20.46398106301551,42.13950293667829,37.3965160003062,10.2431707101688,0.13252340046933384,0.40177779637773514,13.379567580206073,0.7448913918676564,0.740685251656028,25.86714749773729,50.852094496339014,33.253725329734046
182,6.808411274435344,78.6022802699834,14.58930845558126,5.191735786080314,0.15016885788882206,0.5496979799189473,13.1308338299682,0.8968889419082715,0.6789738939947487,28.305677987487172,20.088640290992767,43.11473253631969
183,52.7260516929098,42.2739483070902,5.0,19.19011851093602,0.41227429350511113,0.08492688181501032,7.164312671107416,0.9124296444671919,0.8556569351754669,33.06414988628819,48.13103841838015,33.799988475717655
184,52.64036120285886,33.012612720125574,14.347026077015556,18.165276343190385,0.43199453328185705,0.19876666141462385,3.7441312977627454,0.8594220145083354,0.8356758732517653,36.265328318609775,33.6952675628486,36.396788926422566
185,15.476497662909336,54.338059802170804,30.185442534919858,11.404836248997956,0.16731536783771242,0.32678266235792186,8.270039481117461,0.784672836043487,0.7714200867955405,25.242050063286126,62.059945165468164,32.69669895214225
186,39.59904276205074,26.810193314473516,33.59076392347575,23.65230191981966,0.3415764364950362,0.1221316950914425,6.728297255282833,0.7274985106996865,0.7187981241721925,24.360226844582865,57.774073527645115,23.660662475674297
187,49.03333201207295,15.310432967606474,35.65623502032058,34.96279756079059,0.3997876013537624,0.26691107340807946,14.304765231587016,0.6811741971957047,0.5833833932698116,35.612895526115345,54.66670981966081,33.76232121046942
188,33.31204869596774,19.021580533745446,47.66637077028682,18.684608295533952,0.2847444396910532,0.34990979591837434,12.308442460058355,0.6579479504916772,0.6534688858628697,31.168842532112713,65.2100622715938,34.45884383566288
189,31.779034701360388,18.96320872704407,49.25775657159554,14.231961669282915,0.3744030568727969,0.5227443486619627,7.534906865588917,0.661757575562578,0.6135770328804286,27.395121804370902,40.51083479175163,30.493601236506873
190,14.5111374540271,20.633188545860605,64.85567400011229,11.485005028617621,0.11320815978053754,0.5347479666395939,5.4576314922424825,0.5764109409134734,0.4314444140434854,31.603887258367305,67.47363197915558,39.637435429132445
191,5.586166068353952,19.71790208545871,74.69593184618734,4.355251735066103,0.05474428088258,0.4246285169860383,47.2585030936453,0.5387586537176777,0.4542112753979246,22.092756782949365,59.32191564260385,31.732277404584853
192,47.05063263390775,47.94936736609224,5.0,33.72673485551863,0.42893778087164264,0.4072067260977878,9.051392724652938,0.8688197954334441,0.7954039602554619,30.010126519791484,47.63444712781054,26.41747053461434
193,54.02508342979983,22.731605907940136,23.24331066226003,25.029123275257785,0.4874769640862978,0.352489657157856,14.656314385193248,0.7854527662006665,0.6080991769163802,30.983463518529256,61.35620147182944,29.74224021015172
194,37.986087436396076,34.19670983267042,27.817202730933502,24.848158462517727,0.36324021476918766,0.3618998260631443,4.514660820946825,0.7585523082268458,0.676768653608644,32.77281041861349,38.93706487588366,33.204878050838396
195,20.341787462922042,72.77518869342083,6.883023843657128,10.508248813606663,0.1946708108048356,0.30975048795064297,9.647340822689205,0.9271771104972372,0.8344409891536215,26.958312143122388,41.75485838472326,33.55861632513924
196,20.952574476759654,43.177314818401065,35.87011070483928,7.437100470295316,0.11047035017755308,0.2919859998302919,3.279229624229253,0.7624680343600784,0.5709436302078366,30.257061484210077,43.914102767603,35.40902845334601
197,41.261308558047375,53.738691441952625,5.0,35.088127656394185,0.41176204507943387,0.2077340881607052,10.04117369470702,0.8647356170308174,0.7519097508232381,27.223726121821237,44.71022291935985,23.65059476616994
198,53.82661559715463,22.06239098411409,24.110993418731283,20.566674990948737,0.3732956551263026,0.3417903864192627,36.24719988512149,0.7936340145147661,0.7392606190806105,30.766151267022952,39.43442357239747,28.37272879407136
199,53.22518545590704,23.460231316606954,23.31458322748601,46.31349126731765,0.440933256909208,0.4221870552248048,7.8484394479474195,0.721172026833131,0.6127572980546857,27.313961032910928,62.23083067095325,21.499372016512837
200,46.79253275145743,12.86080313865352,40.34666410988905,26.55960366852177,0.33662646951069153,0.4478475500411673,3.3977672077478314,0.6782412043351005,0.47723149278410093,28.775697482519337,47.41145599630168,30.95395944922853
201,38.52189876925726,21.825454415051517,39.65264681569122,15.835572796923628,0.3049682728244085,0.27633275637572596,3.3144504472583654,0.7145774007150818,0.5021417862228945,27.012553815629314,53.525049683568795,27.789380357299123
202,5.04839789970293,29.501323732237104,65.45027836805997,3.1559583326660383,0.05682530371279747,0.39874522180840705,7.910013626300815,0.5978304547936422,0.4825142228796299,31.95340872547097,44.29648633586319,43.22690329364883
203,9.697722845676825,22.39073389937228,67.9115432549509,7.988668919073306,0.09364964353792826,0.5111208198183149,4.743830738511308,0.5685647337130747,0.5559756987645159,32.575353349969994,31.79396699451483,43.207656994690616
204,53.913251311624755,16.20917736299389,29.877571325381354,39.85994998406216,0.45240204820476226,0.06725820084797851,3.2362907708120057,0.7011547220955254,0.5389096466226683,29.296138290127757,52.70057358391422,23.533654728085175
205,36.3857435795754,18.444510977042057,45.169745443382546,28.524119338273447,0.37177151208953557,0.37711328798694166,17.114629041429104,0.6434091693248843,0.5728330427594595,30.114713984880083,30.87745024580223,30.57208409167845
206,0.5518230969977789,42.254513762290806,57.193663140711415,0.3836660557006926,0.027091299851681225,0.49741977526356485,9.134547044538152,0.6556870229886295,0.5026645960517939,25.65422575609937,49.31365953914531,36.4136558914892
207,6.088292571961926,24.443360288405476,69.4683471396326,4.355357130886995,0.036498508811162976,0.46797987380459327,6.414271728293356,0.5701238457695433,0.45410421151068564,29.100970055979637,36.3168496116719,41.87393119672046
208,39.81010614648335,35.498890273365284,24.691003580151374,32.22697326071348,0.36668520758628464,0.13067127584768984,26.03417269321543,0.7551730587369513,0.7207467027384744,29.849386148874764,69.87275999230808,31.78669497586295
209,0.3036950307731212,45.239208959839985,54.457096009386895,0.136602269412069,0.061903084692417,0.5590594225526528,4.234554234978653,0.6728476171354424,0.6181171373907803,37.86237927308993,59.113627221747215,49.755893934455834
210,9.64848308504992,58.32763800405557,32.02387891089451,5.727870015382184,0.015807473923549732,0.37218374151539824,34.21722548140974,0.7906731164884864,0.5761000747131361,26.66409892267751,51.05753791271481,35.7480236657712
211,32.924027361995165,12.751849788876925,54.32412284912791,14.247071637718706,0.2932622223884543,0.25996045267924633,6.768291354905262,0.6313140479920765,0.5231135160698523,34.39253171625731,62.63706677654669,37.121791717690286
212,36.695943952987754,58.30405604701224,5.0,32.75482910525874,0.32862618873944693,-0.024009997140115924,24.92867135568108,0.8717355126842238,0.6178433545388112,32.99057632039742,41.536840225342644,31.264682116963904
213,39.11767557015603,53.95302726436354,6.9292971654804205,33.892946852348814,0.29806322939324864,0.25463640154527306,12.236751206847723,0.856745376450071,0.7233218864198071,30.84190921347041,55.43479378670093,32.304877439575975
214,13.456158567633587,15.723132236421034,70.82070919594538,4.355167625644552,0.17643460920664966,0.6650419437883308,20.52773551376384,0.5620102419473941,0.5050955791202659,35.2758614525854,51.99810433718714,44.46935774260414
215,35.646090232477746,59.35390976752225,5.0,25.784424828917498,0.2776659425081956,0.433541560524876,44.359895960002824,0.8926467255132475,0.6565870015351589,31.116316417820588,52.6402008133367,37.79071128981781
216,14.234945249808003,74.46106803722692,11.30398671296507,12.17299905947579,0.12015838467204115,0.31995856676807094,6.402469648986116,0.8956570825437823,0.7045825102529142,31.167477587003788,62.723535001067674,42.45543707318269
217,19.52398188955606,14.275457189840463,66.20056092060348,7.972524427646655,0.14753826390225502,0.3940839882468047,35.47673665959655,0.5788790611934391,0.4743051305191237,29.840638040947365,57.32492102779802,37.10299467238535
218,44.78948430708145,29.38143537030426,25.82908032261429,28.69962968679569,0.359094826835725,0.31937764902440513,7.934473296916218,0.7589266290039272,0.7406056145447719,33.670706647255884,52.887236628250236,35.459563623566346
219,35.1279293908647,59.8720706091353,5.0,29.83390378276081,0.22620968078215747,0.16964973851771206,7.869657232099602,0.8804982886517175,0.8787166044385988,33.28940770143265,33.45112563771704,37.682436352335685
220,42.7116017754246,52.2883982245754,5.0,13.683412804167617,0.26969027007368207,0.2693327828802482,7.161021376304796,0.9289497615874971,0.6627809352596166,28.122968137511364,40.399537047205364,30.185298848785248
221,39.4567735380206,22.916471354946413,37.62675510703299,28.3478041887568,0.39537944146541343,0.39403444390045267,10.795934968938802,0.6891960567915317,0.639782337772113,26.042258416203698,48.77291066404276,24.85158789813444
222,34.098516200128294,24.654452633569722,41.24703116630198,16.313050827029482,0.23044006218510993,0.46879331992052153,4.674073799118866,0.7035786605210996,0.5709661985816148,29.39105808781303,50.93372374276651,33.52994190040414
223,5.6204860696855485,35.93304719539674,58.44646673491771,4.803479384296131,-0.004605728915330967,0.484395581543098,11.067896422915673,0.6349107614376054,0.5191903107617379,27.599884306807063,38.69796275326076,40.169301006576696
224,22.06294818356601,43.916608963371495,34.02044285306249,19.473529102854634,0.06883407978834236,0.35942171795416433,10.802417880895128,0.7374567555730611,0.6830910689272118,29.809426276153935,74.11676675578421,36.58819757529825
225,15.912142060903527,53.27783400712072,30.810023931975763,13.788824129145205,0.09534904910275313,0.3101732209446813,17.350721383064958,0.7737733840207098,0.7548375473270628,33.71231440405242,65.16394055253573,40.19987471406831
226,14.639378602745015,35.82395476988407,49.53666662737092,8.557134454695163,0.0509605391515852,0.3578277834397758,20.936610477084535,0.677108596871689,0.6671405957148187,28.62809503473963,56.021183203924835,36.41766756535324
227,55.04433068820384,39.95566931179615,5.0,44.98363565549615,0.5224554035124492,0.16717478805703193,8.806069315450655,0.8350490930335115,0.7291120727355943,29.871529856065276,50.72036861283745,24.35313181500883
228,23.585863480005624,62.32296566936296,14.091170850631414,19.02741513358311,0.23917776230717674,0.3705754384628581,6.6001372482894665,0.8583707294954621,0.6928222156549347,30.174068204425186,47.87791030098848,36.29112882416476
229,53.522793310626795,12.567824202341853,33.90938248703135,26.30432719802122,0.39377482922612816,0.3450860543548805,6.002067090421373,0.7176307234837482,0.6718923325177638,32.545292646615856,40.48081539977764,33.93383494943227
230,37.86831755983577,27.67058610408145,34.461096336082775,30.194275911190548,0.4155683307459016,0.23713102736478797,5.1644582711012195,0.7026505942499317,0.5447652973069952,23.259331998046186,50.774805185188626,19.869121221736222
231,42.09525982872402,52.90474017127598,5.0,13.563285548014305,0.38585035297937187,0.39088781758105606,3.593759578083808,0.9293101433559571,0.8077770153287646,28.17989911570411,52.57752540142751,32.44315165765058
232,27.863801602090977,67.13619839790901,5.000000000000014,18.327747837823388,0.2066688436412967,0.2714324334873792,7.192313984169898,0.9150167564865298,0.7389433197836967,30.63385107683842,37.58239424518376,38.55690729154631
233,34.614233077581545,45.817420948096625,19.56834597432183,15.161217625542513,0.1519435788769737,0.2985430302034739,6.15050106705169,0.8371062712774415,0.75087538680916,33.600236869280586,53.341764172448976,42.26126361437711
234,29.551061629131834,47.247943968572095,23.200994402296075,11.00304617196167,0.35095562166259175,0.2534765743732825,36.937467824296604,0.8277848950703385,0.6391490032146094,28.524292657481386,48.44740951175251,32.53449971054401
235,11.71457926788267,17.502040793784325,70.78337993833301,4.055258408606438,0.024238010804881555,0.2522844167778412,11.157868496541154,0.5631339451441826,0.42656150901896206,24.370341881874378,30.92192442122609,33.124022378403964
236,43.34712691569032,41.318865677641824,15.334007406667865,31.113408837483323,0.2645070779776779,0.3456840467866795,7.266024955171009,0.8146557290475428,0.7946736301119384,31.85913433789841,41.39614989220498,33.76007964922026
237,16.846341746451348,47.28320865185162,35.87044960169703,8.489292398355172,0.1858992555720928,0.47803992192683203,11.686145236225727,0.7593094251947523,0.554706746431263,28.093912833523113,45.863944665783556,36.939501423107416
238,1.4589579858872304,26.972935254431075,71.5681067596817,1.0721299573027245,0.13365928420406148,0.509167625863993,4.498892575021448,0.5673749695700017,0.4832828344504437,26.431000022728917,68.8768765734019,37.68274730094829
239,38.72833775443007,28.84702616645667,32.424636079113256,13.137186790842069,0.3790403429609665,0.3166349928629934,8.87065673442903,0.7660406231527942,0.5869830972527595,28.126963830860326,55.56553124533758,31.128127942667724
240,10.626640764422937,36.409891417323585,52.96346781825348,5.198278523298547,0.11320858211800149,0.5150142943492251,12.841262057820114,0.6666243575205836,0.4744225488014904,29.446423927032452,36.64518430900109,35.743552248828244
241,56.42751506117486,11.404983844440846,32.16750109438429,35.19354633388168,0.48115783757266317,0.08237035625541486,9.711857709794751,0.7014143544320491,0.4985692829562202,28.18576600638536,54.86036289417637,23.128207590475014
242,57.23571462015524,32.54554159082248,10.218743789022284,44.32527762980791,0.5005564949002573,0.13858936136279412,8.13794694855752,0.8057117043764426,0.6063516628576838,23.38330182870279,34.52696011061634,16.66233559818196
243,54.891863413226915,24.801360489758125,20.30677609701496,26.96571033611091,0.4770813367951536,0.300472566503305,53.91041263942461,0.7972622124095775,0.7653965238320506,32.69119859066139,60.826910538870735,30.50515657688912
244,22.209522015326662,32.924814652454025,44.86566333221931,15.003305587106516,0.19173574732108212,0.27546429628620706,24.228900002467967,0.6857961032453646,0.5381741188324821,33.824625123836164,45.28875348182122,42.71636633033083
245,0.9273969917320457,18.383349227347587,80.0,0.7712109565930768,0.012629231131450171,0.5828891901260532,12.765874838068079,0.5176863671302208,0.5099923835273729,31.954565974018518,49.06363811260829,43.78114508431533
246,41.327555057902714,53.67244494209727,5.000000000000014,27.66953840801463,0.3274907840682456,0.10903159930604867,11.425231203811368,0.8869913847759561,0.7756621582656847,26.58694298872555,63.2579664754219,26.136323183361945
247,25.69104889903886,51.551471748783406,22.75747935217774,11.298298624145668,0.16783016174897708,0.3893937613515527,12.693236433199543,0.8295602280144966,0.6893514896558303,29.395525398157446,37.1283643141575,39.4964223822465
248,47.68999218720432,47.31000781279568,5.0,15.00520150523708,0.36748618365429586,0.2156758830214344,5.247850325857851,0.9249843954842887,0.8084610128581754,29.980436054311625,36.02881814887009,30.411740418395887
249,44.63408281774835,50.36591718225165,5.0,36.691863963718724,0.27242482183221756,0.06995048713845567,8.027545216901968,0.8599244081088439,0.7352435516021387,31.79638316868573,44.16400673653995,29.656293040734592
250,50.6097315077989,44.3902684922011,5.0,15.828782955819962,0.3999608707226537,0.32403500941452157,3.402591663657602,0.9225136511325401,0.8557539914666803,32.00502146615424,60.38378851019317,33.53854903070597
251,17.666933524175143,16.084420166119656,66.24864630970521,14.572057840130476,0.09190591283585528,0.3883704008429049,9.453976290435795,0.5587919486213773,0.43851132218981703,27.797478603664512,34.806539245231576,35.28286849416773
252,23.105863716115515,47.59745792729834,29.296678356586142,14.264688714769948,0.1296674438681356,0.28514465814727213,10.831256837529745,0.7814258637161733,0.6297629167588011,30.245986669240683,21.67844401889431,37.07130479205295
253,47.49503457559856,47.50496542440145,5.0,41.00914205849823,0.3889549841624624,0.24007678142070007,5.584466054589457,0.8469725738245053,0.8200628074746777,31.371841213845723,45.488411415910015,27.43540719083465
254,19.01532030937666,62.1807631929031,18.803916497720238,14.818067544410948,0.22172267679224328,0.4764102867008053,36.25037971899776,0.8427222983804458,0.8291856112900878,34.3674669664403,55.5174079991092,42.557370419525576
255,10.16956480116555,40.21616823607756,49.61426696275689,9.140002802967034,0.12727234870944004,0.35696809282301195,27.01904017398643,0.6748943898145575,0.6531408349642244,32.11351961947417,62.00261749738829,40.83179106352624
256,33.40807574750101,18.93062119568946,47.66130305680953,17.0523868619429,0.1887395757988492,0.36785828810841215,15.806495335237951,0.6628750210733141,0.5474249941014039,32.367170062126554,45.36838637914601,36.02477328881077
257,56.16928644964686,29.864313405910714,13.966400144442417,42.70623719196621,0.399872884768658,0.24613730452335467,10.622542630659325,0.7880828875574469,0.7361558309781777,30.251479883788083,45.885733928839976,26.41978380775501
258,41.76178780049838,35.41576074790446,22.82245145159716,22.599748454915286,0.3811328618033979,0.34790831242751524,23.399836231826207,0.7952660459256713,0.6703303226946108,34.23137743561051,61.53900734255747,36.53493441833302
259,34.203670205361895,55.214206893212086,10.582122901426018,20.10920553548959,0.22450499196597973,0.30199372050912693,4.400121690762309,0.8761796459849751,0.7441060396445192,31.22928838787849,31.302583003045793,32.81745620291167
260,5.8305896262461125,49.95448132682383,44.21492904693005,3.944412994426108,0.035413059510117674,0.4284047156805434,18.63078291428235,0.7228771867351413,0.5504016051393903,27.416736269479287,46.114792248169906,40.40286852074268
261,36.90043360195018,34.92677081284924,28.172795585200575,30.41356868553092,0.3227060737668291,0.22598483469772845,4.333266295520239,0.7397225204322038,0.6489874836516154,34.21010991037557,51.90423889925058,35.42403320728073
262,40.75787621286423,54.24212378713577,5.0,36.29285419630978,0.2776457869597321,0.25558288345318053,18.809022671741687,0.8611214374110706,0.6508706897358982,32.09370981761708,54.49218721285034,34.29183057468256
263,8.405040914191442,52.4042373549821,39.19072173082645,6.395933960347519,0.07250910262082953,0.33754737860632644,6.226428997913427,0.7456678677339987,0.5961386500645889,28.670867936614552,44.901933068091175,39.669840440801885
264,31.099779141824204,26.605875421519613,42.29434543665619,17.12540653746406,0.1820969583886834,0.06805452595655481,23.96307625950449,0.6948577077676708,0.6646376932282968,28.56152109780227,50.344410117058416,33.05775697246274
265,52.642384315677326,17.124773083428263,30.232842600894415,29.101457643485954,0.39107069232785796,0.29355212835484634,31.831555463501637,0.7312985714641757,0.5573392730631289,30.889726635422285,25.116726465870105,29.115109164092384
266,44.44611706525227,20.70013974290324,34.8537431918445,33.00343671258253,0.371558033229145,0.3823165022312995,4.611034252146096,0.6918672307111855,0.4990766872093597,31.389554385802754,43.41751587666152,32.10244199093788
267,41.82094445971608,27.21704098691557,30.96201455336835,18.537814788770245,0.2549178690011452,0.058347007713688503,9.211532794591166,0.7586144683134791,0.5467351752733048,30.59187679689362,54.53508712554468,31.854488992326797
268,42.14904503922656,21.247696128168897,36.603258832604546,15.438540533794225,0.35921609721183245,0.2036372670373091,42.62652213142971,0.73406482540299,0.7210244252175779,30.933926020328656,40.177059657453206,32.26491792536924
269,21.56946907318531,23.059691683591403,55.37083924322329,11.06024771909498,0.17157386263914845,0.4863792282942251,9.605007924873812,0.6345942213833754,0.5407225891578757,35.09987212372914,50.58984221589597,46.0120392441871
270,17.615510655869603,29.956661808569297,52.4278275355611,8.32057010771911,0.16854858296781425,0.6401431594188136,22.917788752652125,0.6604713244634761,0.5434514071217298,33.21462945670466,54.46872500802698,43.86626292913393
271,48.56166932871082,22.136151670632838,29.302179000656338,23.202030977610608,0.39968906133291965,0.26643705145401014,11.885090469242499,0.7545808330632302,0.7117686136952867,30.571906773795074,46.57450799142235,30.858289378543287
272,38.04277281180766,56.957227188192334,5.0,16.745083803703725,0.3725492039931535,0.18502861462985593,7.705316212803642,0.9197647485888888,0.8744642913468293,32.82393174230245,51.70463770996571,34.36819654226826
273,52.024339114806224,15.616362196314954,32.35929868887882,16.92122395768143,0.4224559380508452,0.23833159680804877,6.365692190600759,0.7550805359936827,0.6038056701967457,26.90242828941738,40.372674347153875,23.67766140155637
274,51.28026138709999,43.71973861290002,5.0,15.934026443217252,0.3887718140405373,0.34236659636641853,5.2718055290838635,0.9221979206703482,0.8374344835717658,31.193781149840426,47.93388720303953,33.26195883422137
275,30.680543931656267,38.72777788927631,30.59167817906743,27.38647928184298,0.25155922660486435,0.27386476271905624,17.346370292169553,0.7342904930800666,0.6838717909591979,35.42791904919933,56.10216169589223,38.803915658873585
276,26.260417354931647,68.73958264506835,5.0,14.618225821557935,0.2372482402912726,0.22503912991524808,7.886410428023759,0.9261453225353262,0.8301922272353611,29.345862313822877,51.569729609684344,34.71918683039727
277,47.89771073800651,17.842723151763664,34.25956611022983,25.414333166139347,0.38562468942033734,0.22865393705023035,10.159562656140622,0.718199603840203,0.5354023794878092,27.457098214142746,44.13468730436065,25.77411057051904
278,38.99783584666591,37.84989193320192,23.152272220132176,27.602214652457903,0.31401227133352144,0.19498034022772948,9.779147454089092,0.7782797227218333,0.7493004189182032,28.043733334220818,52.24216404290793,31.029277844061433
279,33.3487227346167,61.65127726538329,5.0,14.371709855683502,0.2316901974865958,0.2888721406610128,11.610429611735501,0.9268848704329494,0.7987229847022118,26.731100887972836,57.14609790636618,32.82086678799076
280,38.3326371762311,56.6673628237689,5.0,33.34850159038948,0.27351605153230146,0.41913729714203163,23.06764817913147,0.8699544952288315,0.682689593789816,27.64571427561689,29.50058721422522,27.422798017687548
281,42.06654566166233,52.93345433833767,5.0,32.467254771338105,0.26640210170331396,0.2740417446649536,42.49690791335683,0.8725982356859856,0.7221347742932553,28.88847570422991,61.59074064955898,29.222596136826517
282,20.27970941109215,28.05319789314579,51.667092695762065,7.171850310355912,0.24971651244808418,0.3969799975345268,8.235465402486668,0.66848189289436,0.47547200311444204,25.783298942464075,46.63745261318928,31.040774528784347
283,22.53497715839664,21.962131117304608,55.50289172429875,12.406597093978338,0.11808665549760887,0.39168474792345653,20.574677418973533,0.6297628583722725,0.4649917295292154,30.046855001848808,54.2548993324023,35.650584073800616
284,5.63891639045214,56.80502539471017,37.55605821483769,4.666039697330945,0.010466071233821754,0.2962373699982011,17.461623965025865,0.760665531618981,0.7071633799213859,32.706831521359945,61.97246923645228,44.065845157311365
285,30.032827973039993,64.96717202696,5.0,26.03363297557206,0.20434226050586007,0.37817966582255585,11.522107958446627,0.8918991010732837,0.6243324838596542,27.27673145955924,36.28326302769534,30.569166728288593
286,2.156536427804525,48.973402510975085,48.87006106122039,1.251741959594096,0.06199851026965827,0.48133025670994245,34.24637665197935,0.7030244077538954,0.5799738688855091,34.5578517709253,42.90558997572453,45.92547454613516
287,27.93588108794761,50.012888262892986,22.051230649159407,18.662476902574134,0.2087395647889795,0.31431094558746586,5.237368717044502,0.8117051853973212,0.6954308968011444,31.532376265582784,47.11451304124295,36.61891441356818
288,32.5586780824546,29.59853655621989,37.84278536132551,13.030646112528752,0.3228565282933235,0.6647616151773188,4.157074278197645,0.7338513494944607,0.5257240075000906,33.091741756872175,42.16246478875571,37.89625940164777
289,17.192475127697065,63.86450532343558,18.943019548867355,15.382127709637308,0.1038652698093831,0.3989914294235151,22.238881908927862,0.840195499577884,0.8334096176845794,28.02649633844359,67.34936575836808,32.440577322511864
290,35.44999563414065,23.093062399026635,41.456941966832716,15.562655171800397,0.2975496731843153,0.26593479638758444,8.783014619474764,0.7045703826836025,0.540995631230433,32.56357568119985,41.432279061732075,38.40519804685962
291,1.8300149963429657,32.657546548297056,65.51243845535998,1.5841324694206635,-0.027127232692244138,0.4810690573047939,21.771138110325932,0.6021729718595781,0.476475154413482,26.72419829881406,44.44453220513133,40.46778379983048
292,2.240891324952865,39.780550703149174,57.97855797189796,1.545739921492878,0.12518458698829232,0.6218381215636599,25.35769839287117,0.6474914324041336,0.5122840544714491,32.670742502509526,52.04389031602977,45.01890733579178
293,49.35603363957949,45.53272650791185,5.111239852508646,32.80409670710457,0.3354683481651603,0.22412538620047573,3.644932886875834,0.8709202707636344,0.6698465520624526,30.515518019380593,37.97850473923911,29.090085485528228
294,21.611438484675773,26.968681269055615,51.41988024626861,13.131393275982708,0.18838254338875757,0.27256620872209747,24.49561588070323,0.6520865386944402,0.4567488949489824,31.65975365995435,46.04319288243736,35.457048190459986
295,7.623630759113087,18.038577731744248,74.33779150914266,3.342214110820124,0.09267789011950964,0.6101039534393533,8.947853986684247,0.5439466086126836,0.499780014204923,26.473216183125444,53.17453261250175,39.64687307883062
296,31.334595603288264,52.74340297091428,15.922001425797447,12.719239378308638,0.27136671969888104,0.2396912118845424,10.142329082461057,0.8663102733102893,0.8576936480711852,27.314790473170184,46.67139595617489,35.28113280967663
297,46.19961318591665,30.204138726817902,23.59624808726545,19.971710498897746,0.3603325225434478,0.4497238210526189,12.85084992085302,0.798507379979714,0.6126851664911394,31.791684654760154,49.06613141100052,33.47133131370761
298,12.949261649810591,50.68667549958286,36.364062850606544,5.333321197768335,0.09710305821181343,0.5289358856734355,29.088739595647755,0.7658156593030557,0.6884025382141322,27.154955987327398,44.70667887551629,39.4083321421393
299,37.373428549140016,20.80539006919416,41.82118138166582,28.693475337261603,0.3011780019920756,0.28941645900089646,3.1930116936558584,0.6629924856982202,0.6116562469709755,31.38961887629737,34.85529690819233,32.2817980774006
300,5.12084789962608,43.67980712983722,51.1993449705367,2.6120172886938158,0.0336166831155842,0.6100169345160804,9.478745639378232,0.6849678783106984,0.6538207543636649,25.898586580619263,53.215932113392384,36.47728503610791
301,3.100903270116462,47.28126027861101,49.61783645127253,1.0378897079795733,0.07300118200067718,0.49361761087481953,14.638615981336585,0.6991793121684261,0.5780735958989791,32.544522638000004,67.54933071647241,44.816161642066106
302,31.88127789408888,13.627647577569883,54.49107452834124,28.102121523873645,0.3655763732322786,0.4667344049925489,15.826804175451045,0.5887471882583317,0.465627947460538,26.302430055694472,50.18401630783438,27.444558527237543
303,32.43810729660639,33.56229947357444,33.99959322981917,26.93243700718382,0.23163026912245946,0.3867200390026602,14.793856657111078,0.7152051295995336,0.5704394152657855,31.65689981303857,52.25264117247549,33.72882265006432
304,38.24579408989239,19.409027385728198,42.345178524379406,32.76331190067471,0.2374762037401853,0.24707151519010184,4.443729555953093,0.6476389931516995,0.5918037040060925,31.876892800938002,56.92722755116859,31.490894757133884
305,43.56548002335969,14.436247933093743,41.998272043546564,39.07582613056045,0.3441097377693148,0.2453796407619081,6.55811871309774,0.6307828893470393,0.596111176095455,27.909684544711276,37.30669503453301,24.895128221072856
306,40.35127888497553,54.64872111502447,5.0,16.31552108430937,0.45179569796252017,0.351590966218214,7.442821224093347,0.9210534367470719,0.6949202564719975,31.74607970125418,67.02514658129606,34.52254867333388
307,30.97802089807172,32.56476914823061,36.45720995369767,16.65828239477793,0.2076404387860872,0.31552480310445435,19.318737627865215,0.7312818930934802,0.5932760579669206,30.78132679000067,52.02328796422802,35.08859478075904
308,19.37738837647476,66.69121120982444,13.9314004137008,14.628825368365067,0.23697494728400145,0.3099884009973029,6.267831491766319,0.8725251214127,0.846857228891554,28.383474431421785,66.3185689908911,34.43635750477898
309,47.71117168612222,27.82484583346347,24.463982480414302,34.2381270288639,0.4655744141927998,0.1625710202814044,5.366150912362485,0.7505017240309225,0.7069786700102881,26.974335947771376,42.66967004476011,22.744514927086488
310,16.24993507572445,57.705190555675046,26.044874368600503,6.375459614582785,0.10232006852039588,0.4294499149936493,34.57028868950008,0.8246043749446487,0.820858626746935,24.112122924982263,68.18061922557825,32.03203044466177
311,26.338285242338166,63.21595019227806,10.445764565383769,20.79407290639206,0.23915543589796912,0.5217908800857294,3.0890279767228526,0.8749431938885213,0.8104375501152945,31.04895014189908,57.75155494034783,39.29168313536178
312,4.707382880535958,51.6947118425491,43.59790527691494,2.0461314874977456,0.11907889420071457,0.3616129876062588,64.28822993904086,0.7322741738760171,0.5989699290146329,25.305591685913836,55.530400858523585,33.22507489588778
313,1.5210446049274506,43.010333198511084,55.46862219656146,0.6605753267864438,-0.00678803020995475,0.5072750116406889,14.295498544367533,0.665206540840272,0.5835134237204795,30.286032598323924,52.34024454353148,45.328943859744626
314,56.80942864508529,38.19057135491472,5.0,35.34595469048513,0.44429641115556423,0.32398434096120177,20.6299301643837,0.8639621359285445,0.7761008812435998,29.209655351753252,47.514713819255505,28.259296915893714
315,50.15880723073235,34.42077865800967,15.420414111257983,32.8923381038965,0.3721864121484266,0.22224146017501506,6.4901775850492065,0.8088005010207626,0.5851968817781187,32.03742832631458,62.00531658473872,29.368717723485375
316,33.95708326238402,61.04291673761598,5.0,22.0059463740607,0.22091882956442885,0.31940884657543733,3.1441872973801153,0.9039821608778179,0.7804521739191064,29.093863501530407,51.40359869848047,29.369183883416635
317,24.537176664856194,68.14335854514104,7.319464790002769,8.708050214499469,0.1638335360655492,0.21025087010589283,16.389128784347005,0.929959060616485,0.848863141828168,29.011656640958726,30.329302964128477,36.20704928224077
318,10.397659204250747,77.55188374665588,12.050457049093382,8.59342117009437,0.021984260295893156,0.42534098700194867,20.96638936493401,0.9019169941951567,0.6766148742074448,32.195612112864886,38.82813538292997,43.84341979461866
319,9.386222560265162,18.700805643988133,71.9129717957467,4.311655435131649,0.0767939538950826,0.48756662684997787,16.489066035480942,0.5555872029201249,0.5190237397626469,31.005174087252353,48.14154247807253,39.70707122015676
320,15.01457388987572,61.1607232642551,23.824702845869183,5.671138980227977,0.08161792956607368,0.48616410970022184,4.5414268171022165,0.840038365984101,0.7351443159835915,30.948467871548335,53.09998983165555,41.23061568402442
321,28.8168813937342,66.18311860626581,5.0,24.011633222016258,0.24222434673941098,0.41347107958153834,17.00100923604254,0.8979651003339512,0.8850941496340002,31.40780276942558,49.43411511100104,39.41660832360121
322,42.87575536200374,22.68631463159621,34.43793000640005,37.44729451825987,0.26521126058584854,0.5563292027666465,17.650033477280164,0.6810305364068201,0.4853886396358089,25.393283630378683,62.18970789793663,25.47389032358893
323,39.61184260306388,14.654738715674425,45.733418681261696,32.37383086824328,0.3334387524352339,0.3909827842716254,13.74526247331881,0.6284779953077001,0.4899600884254685,32.27036603996095,30.488981359613753,30.50994803762242
324,16.79603381675657,61.878445450304135,21.325520732939296,13.196805764799226,0.1760447186144988,0.4080465378570689,17.52929725692413,0.8324564583079666,0.7329497443685815,31.837406382040808,51.435879365051605,38.3410340214461
325,50.6276948964305,44.3723051035695,5.0,35.09234311640428,0.3053347770428712,0.22692765057201164,21.702926746788048,0.8647229706507872,0.6822387299331457,26.94995061427051,31.820207746128453,24.282263707909912
326,37.15498634955145,57.84501365044856,5.0,23.42675475618486,0.3159427192887902,0.22606342532072543,12.508928243129304,0.8997197357314454,0.8226382710415128,29.267758578977396,57.59712295484168,31.540956854786707
327,33.26124315068404,19.784066363840264,46.954690485475695,11.714345608587365,0.3274733948291369,0.3947127927143843,3.9277857239491576,0.6831288202613837,0.6337396891493781,29.882078137117105,49.05541285557997,34.69918446577265
328,34.0601896182859,60.939810381714096,5.0,18.565253217917444,0.21199946601172692,0.24421910051295342,9.687039837876222,0.9143042403462477,0.6681322024371217,29.5965096467948,54.19609972024118,32.85305820846121
329,25.176003745667394,24.113912403342116,50.710083850990486,13.182485623861766,0.2850366493072244,0.4175622503462728,3.8082979657432534,0.6561920400224718,0.5604905907584782,31.001579899705604,41.36117039410234,37.182730996860535
330,14.863859370069449,21.455916000599316,63.680224629331235,6.775724038614985,0.13986182542885786,0.5996647653391807,8.234770348253353,0.5975914801081675,0.5095466341743352,34.29410034549355,62.79464931657751,46.85163601092318
331,21.358360719075694,21.498605855169508,57.143033425754794,15.678148859480038,0.1356162929646851,0.3281983674472427,8.227404730506311,0.6101073528670311,0.49466542096119237,33.245300183018486,60.417246640588516,40.32947010915481
332,38.400609321250975,56.59939067874902,5.0,22.94534102116411,0.30441642068712255,0.37038541882790066,3.6828938057355076,0.9011639769365076,0.8830302676564245,26.06334241970578,55.835443030118874,29.072568863353574
333,0.8636093177853521,56.56380544873401,42.57258523348064,0.30107815567305857,0.03482522016836894,0.6134022399298065,7.289699972993807,0.743661254132097,0.7051781941842147,31.866209970918145,48.704827531365595,46.3087359852331
334,6.964358430414974,46.614579733838355,46.42106183574667,3.0093683723654507,0.05951513701394037,0.4531778372507256,4.176559048780725,0.7124455238684235,0.6477289777100738,33.98679995860623,55.798572852951324,45.664349059109284
335,2.760158521305165,35.118133888645175,62.12170759004966,1.9595890556544286,0.04901906779275978,0.3010172911940191,19.514857100754803,0.6213909872927388,0.5681365311335783,31.16042556206761,42.93107432012651,44.357412077475026
336,2.443728139138208,71.40403785691758,26.152234003944216,0.8447443158973967,-0.02648385454086265,0.38174735674189236,32.505299850619984,0.8405523630286426,0.7048156328392268,33.2729412755579,58.55555659020712,46.46371845657038
337,51.32763504066043,37.47115751958448,11.20120743975508,41.61255320922734,0.4190891215270874,0.34679132937297935,3.7506463373245578,0.8079550957337875,0.7888052319525146,36.03681133710229,66.4948089432392,33.89635975750387
338,36.66847026211098,58.33152973788902,5.0,21.894300499352966,0.22266203725163883,0.2610393127216679,34.03656234068686,0.9043170985019411,0.8214623253732809,33.07112863832094,60.70610559979186,37.076841986361735
339,28.45042974523951,40.73944359991529,30.81012665484519,16.738865716414,0.22204213489448105,0.24788831109924125,10.393515493887612,0.7649226429216869,0.7027300861416681,30.747925786925187,42.70397530192591,34.75125220459865
340,5.870049639060088,36.38611005974353,57.743840301196386,3.8474927532282197,0.0017650150392412162,0.44152998992333065,6.560546762786021,0.641994479933137,0.6153563770452173,33.135265422254264,53.61417317273103,43.068939591158696
341,29.49695250700994,42.38758499687245,28.115462496117615,23.44443092330051,0.1991991229265912,0.4223051176146508,3.7997662473957208,0.7609739322533928,0.5952501530955743,30.434663499290675,37.06858456241352,35.19429207273288
342,28.40830624683394,31.096451191489944,40.495242561676115,14.450894170182723,0.2890711087351934,0.4220306169561544,9.943964967713935,0.7136758621193952,0.6723692104161412,30.071709129854867,55.723903111756755,35.1732927306027
343,10.39211219460091,62.33265661233758,27.275231193061515,7.345245614667535,0.13770240358652075,0.38908880369075005,18.823848901976177,0.8143128759976282,0.6177150942698434,28.9457572928588,54.50603412862539,39.91014703661008
344,26.03109895427838,45.19042730647354,28.778473739248085,16.64530452810713,0.2387056976795859,0.3167501104799139,15.278778577836498,0.7773932439801902,0.6247152209475647,34.69024007649632,31.30183660467836,39.57748364816792
345,23.910284063842408,26.25488866027721,49.834827275880386,11.003918294849115,0.13666663427711032,0.3648527033920089,3.5153122949604647,0.6679792814601704,0.5348397460502265,27.544714002173997,38.38216156087636,35.42638324034074
346,31.93510194749053,63.064898052509484,5.0,26.41601349727167,0.23966039309518417,0.19001857376018766,3.7569582405825246,0.890751959508185,0.8850134151746168,34.597103174034345,47.16861103256233,37.287763593329835
347,38.10561905205863,36.8723854961248,25.021995451816565,29.663533036548955,0.3654998374154282,0.4591590836423427,8.156259312160877,0.7608774281794537,0.7281301517092051,31.499592371221112,46.991402528591735,35.81109747222486
348,2.718240586322671,48.0487002779792,49.23305913569813,1.889370476561096,0.028831770372576608,0.4553611090049715,6.49969609380049,0.698933533756128,0.6362748123666622,25.802081475594175,37.90523064581195,35.552625337579975
349,22.258899736848452,72.74110026315154,5.000000000000014,18.03747797659689,0.29403767489387234,0.4426802531351559,5.644660917325595,0.9158875660702093,0.8408919705863889,31.102947878974266,53.889787293521834,39.26906291755036
350,37.55159494285418,53.69665971397944,8.751745343166377,30.806446801293582,0.32007865151255205,0.41942871610716115,6.2990017845551165,0.8550701875371209,0.7427326381917807,23.699920477045126,52.51473608940512,25.865200315885183
351,30.188175514805263,18.182862849585483,51.62896163560926,21.886964175999612,0.25110785994294366,0.48233631102679353,19.27005031156716,0.6245653376583455,0.6146517370495519,31.876524050493106,48.05730868021481,34.60515325206584
352,38.38718919765536,56.61281080234464,5.0,30.794510157409913,0.2916416903711178,0.21328921193757372,29.48292594543428,0.8776164695277702,0.7449889850725008,32.655694448966976,42.44208499841637,34.722188784515524
353,39.5216178971367,53.93956371499925,6.5388183878640405,28.39560573049153,0.32284998841620777,0.29536417422084216,8.193664841775336,0.8755802724813412,0.7128583307644962,28.22293213304384,60.487071264165635,31.396252639610868
354,9.776065624885781,33.44339302599603,56.78054134911819,6.922280178799229,0.07058503318005907,0.4720372595596017,26.6564206824289,0.6385499113688933,0.4782167979425248,30.370643087866746,66.55407113088296,37.022940583574744
355,4.234124844025791,19.749045086437107,76.0168300695371,2.841804136386506,0.06927843258663585,0.44472697468995814,6.878644640572496,0.535373607173618,0.5010356518309196,35.86247230125086,45.16438516153463,48.11426841415281
356,35.166601373019496,59.83339862698051,5.0,26.43227201800327,0.3291679268238852,0.30176952268008234,9.470978859895242,0.8907031839459901,0.8197436933810557,28.48275988721419,43.878330828451794,27.46853965502065
357,1.5906786324973088,53.40509291499595,45.004228452506744,0.6285774409459995,-0.026574043965419007,0.36574176325904395,5.562208709727886,0.7280888969621216,0.5936156186857464,26.823277238830197,54.912076654119964,38.06879802604134
358,35.1465348764078,47.34227643834251,17.511188685249692,29.119693378798114,0.2146106313333735,0.41320417671102455,13.229744619715447,0.8075737877521074,0.5714053136477137,34.4449902073878,46.419706202530136,39.82075649817879
359,41.54947131163265,53.45052868836734,5.0,34.19962398005967,0.2405855018378964,0.19734038502363005,41.62333967976322,0.867401128059821,0.8255049581924081,35.887761571592385,48.60602799336766,36.105305536066616
360,32.89074913946295,62.10925086053705,5.0,10.444403771419218,0.2885255594613308,0.2985529690294322,12.25061825810096,0.9386667886857423,0.6602820566386502,30.01108701554354,57.396531517246714,33.64536357742468
361,23.290195572391315,20.617241581292582,56.0925628463161,18.527118848283408,0.13115323427043685,0.4473531305576811,7.428774286066842,0.6078632663772532,0.5538302604423577,33.03438910622507,30.906439124927072,38.629331770471424
362,38.59729310654119,31.820544745688377,29.582162147770433,14.563604760446564,0.20113381520470536,0.2788846544989684,13.436056184754838,0.7788162128320377,0.7718669392834885,34.02442774659264,63.183023248526695,41.21356670514151
363,27.495173429490997,27.3942397870126,45.1105867834964,13.777042639255752,0.2393903176624762,0.43890985999655635,4.311578442523107,0.6880053513812543,0.5719377467244554,27.772547302384847,50.72680524329341,30.146684396956427
364,32.7370073589561,62.076240480087385,5.186752160956516,24.42524336228462,0.3865460347432883,0.2319351092238362,24.951584356663062,0.895603756947407,0.6900555491523149,28.544082493896394,45.8850685543782,29.406587501903218
365,56.48788852659151,12.347270431504556,31.164841041903927,22.394958810491417,0.4515995626357374,0.3235078577231662,9.993341822032345,0.7458260773171022,0.6797916082525313,33.69262353946421,49.10765845778551,34.244940730757506
366,23.166158268046456,49.89227794099216,26.941563790961382,18.319339603685037,0.22725380486695373,0.22662052648506206,8.96655411906102,0.7833925984431765,0.7404144604406138,35.05504283612553,49.62429355020519,43.83912128192713
367,45.26293704651281,49.73706295348719,5.0,36.177783260645626,0.36619496429948073,0.24158620976858994,11.815627605399603,0.8614666502180631,0.7442461033433984,31.688642580523066,32.68798696555075,30.588058382046547
368,41.05583931675397,53.94416068324602,5.000000000000014,24.817460036459494,0.3235022318744746,0.43966954263881264,12.80253053151827,0.8955476198906215,0.8866911756552092,27.360556939493836,64.94938227453235,28.216273577955935
369,11.747468087357786,33.94572241011352,54.306809502528694,3.5692511207294135,0.13993356884825073,0.36159061419506877,3.7448198725566497,0.6634513896226396,0.4746998782910476,35.961183335098326,50.41325632270618,48.95431557401946
370,4.161678052509927,67.48801132704091,28.350310620449164,1.965239595193452,0.01877969721064686,0.37227941197837344,14.4764672952438,0.8240024174917246,0.7015875302468411,28.407087306564108,54.430021304473755,43.61732348207919
371,6.046680082645599,17.744221586864505,76.2090983304899,4.0522198506679965,0.06174305636475994,0.5796222612962889,5.7698176589151045,0.5305887504650566,0.4857731999785075,28.994586656485644,59.51549770574043,40.97667308597962
372,1.0933095390929837,69.25166042141628,29.65503003949074,0.9716369865660363,0.02483136662254455,0.4728950001165693,15.515978612695335,0.8191549088033575,0.7853992891046375,31.027013503468865,39.788375424396996,44.27543519898729
373,5.666577645355703,18.924206363238767,75.40921599140553,3.8481055385423084,0.011928098480693192,0.5632151313287441,20.289807139817192,0.5360003874359399,0.4040245944349505,34.662481262144325,54.734718990352285,46.16421803795927
374,40.98040640498141,37.81011033922571,21.20948325579289,18.6822357239817,0.3774453687166774,0.32741605390642653,19.294289459954793,0.8166963932932975,0.7676954627588518,32.56192792965667,47.32358909101207,34.8154274061127
375,4.27131890761374,65.81067560456876,29.91800548781751,2.90622000059471,0.025422563426139487,0.506222882201357,11.040809030749026,0.8117733070713108,0.7028431701592446,31.24459650108573,58.46770775216494,45.2755536443773
376,19.13853781762568,20.494219914414167,60.36724226796015,11.942279711681822,0.11532104456636319,0.5551503174610399,10.343231800466302,0.6019697072571936,0.4929927862378136,31.38986559035432,28.727725796485046,41.336182997809885
377,50.69251865816727,26.047597666284904,23.259883675547826,38.92715194396129,0.43236564144385836,0.28473155841127784,4.541726349642509,0.7436592421148291,0.5499467989788589,30.1305440059304,49.00905699758731,27.712871289672485
378,1.396316144149552,60.55767978751464,38.04600406833581,0.5085221191081742,-0.033752869936355456,0.44638097809821914,17.931945076374284,0.7701984092326607,0.7390737115710861,31.674418543555518,43.97179344216038,44.37469131145685
379,42.48597083628813,52.51402916371187,5.0,32.14559681366806,0.3412968245587615,0.3073134867751206,6.166432691086065,0.8735632095589958,0.6527106732458307,22.41131976691709,54.322629506341556,23.886097476875324
380,16.911286486403995,54.88033430197081,28.208379211625186,10.565494452425655,0.13483434205902178,0.5787598059671559,9.865597708997226,0.799053241372972,0.6335983668727877,29.110177622790605,54.700441873682024,39.13620890348311
381,7.089889657299375,58.576391112697,34.333719230003624,6.223471126122944,0.11101389554997391,0.42704450519255244,6.344579966637421,0.7753272712416095,0.6101931531188038,30.723965804750343,42.92374105177974,42.99798120245063
382,41.804229921849036,47.99071103433173,10.205059043819233,21.11629055633178,0.35816875101879,0.15574026793317813,4.436721949072962,0.8754207740680893,0.8416507263512087,26.546957749141477,42.87826135823956,29.915917835901926
383,37.73657080679304,27.625934123486694,34.63749506972027,25.64475976054393,0.3006412185170872,0.4290367738409657,12.930575734759223,0.7152407503000465,0.6450119035021505,31.15896995343468,48.89334631442671,31.50608850023773
384,52.64832081162318,34.19871954527436,13.152959643102463,45.23632506609143,0.4620748814529998,0.20367451964435243,3.558637597259164,0.7853732669431109,0.7374689683476746,29.386586337041635,41.033577726847916,24.535176403386934
385,44.104262628233144,22.7118401760998,33.18389719566706,15.94394836761974,0.42234447847673084,0.0726837892769979,16.808899279180803,0.7530647717231385,0.5837309055146411,35.26642709494647,58.41983695452127,34.67290080385263
386,37.60120235090509,57.3987976490949,5.0,32.42491150383781,0.32870013412483384,0.34433735831142176,6.821199325538966,0.8727252654884865,0.7745107101848596,34.71905917564457,46.30792799552554,34.458941057909776
387,16.92207435427839,50.837425633628435,32.24050001209318,12.060894310296034,0.13589422582639615,0.3432598840116805,3.001347020764027,0.7703743169965528,0.6713995482755534,28.602583292645512,20.930117806783585,37.211610993393215
388,10.64637262678337,38.05959917345479,51.29402819976184,3.6272429535182833,0.01957916939675898,0.4509492376619741,10.156569128044453,0.6813541019408741,0.6471835893923076,29.547486865299913,46.25177943378194,44.36871712686794
389,45.0368850984515,42.340406255089285,12.622708646459216,21.643742479577778,0.30703939763384336,0.2782959099560139,3.4798499236125218,0.8593325206825113,0.8351217877701085,29.778157303174822,39.61456179156028,28.625622392603145
390,36.87428666423335,58.125713335766655,5.0,26.730290361859,0.27973305809613347,0.2815528213209733,6.231981099097797,0.889809128914423,0.6261115521117077,28.64502157152113,33.687241845390545,30.55162113071751
391,59.4303085200404,20.734598218125612,19.83509326183399,20.23069277059175,0.444966858052359,0.2728941341574103,15.275024255933232,0.8202973621172208,0.7400771819675716,30.58507495208438,37.62573361777427,29.637152529281895
392,24.75706061468559,51.036088241175804,24.20685114413861,16.07481580680372,0.18870791976821244,0.30583682277255053,3.647408046588268,0.8065344457147572,0.5771163192536937,27.725153793337228,51.094084718329704,33.40558113194987
393,22.32108514756699,45.41220752191262,32.26670733052039,11.328616643478721,0.18140117742539127,0.4265596538883811,21.284555642147865,0.7724139060864414,0.6678735538750461,26.608153995187422,63.28640828248231,33.64360131687317
394,44.52868926406235,50.47131073593766,5.0,29.94773926916013,0.38271415183033536,0.20593057518535893,3.0382723719639606,0.8801567821925196,0.6920583167092647,31.868133671700807,53.131844738649804,29.64105460269982
395,20.44821241518107,11.267712867458835,68.28407471736008,6.695669418774716,0.16006076041849404,0.5286563478627462,5.834561730914955,0.5702085434395153,0.451623971800115,31.888588752665434,43.934966117842606,39.89092670589422
396,41.80900613690826,53.19099386309175,5.0,34.40555444725215,0.3587971312865762,0.30430072385367235,16.50556846311104,0.8667833366582435,0.6985299004580706,27.587052721020022,54.55904195170703,26.197265420076523
397,38.602249673499294,56.39775032650071,5.0,34.12799344759979,0.3120417181285004,0.16204713110154334,6.801923951197497,0.8676160196572006,0.7690441982662894,32.6860662922878,45.40909689781008,30.00934606534299
398,25.739641642501102,49.55932285124462,24.70103550625427,22.685033766995574,0.10714380482231527,0.4550417160600074,4.074653827437935,0.7837386856614876,0.6271594442745932,28.105266812504006,43.05399630836855,35.55172808765008
399,41.22572612991933,53.77427387008066,5.0,30.910682503911506,0.282839039348417,0.19150075096891783,7.46652667564808,0.8772679524882655,0.8069195855122152,30.759495714113942,38.456373317670156,33.02985825095534
400,35.88638342061667,59.11361657938333,5.0,13.566909840829561,0.27988668957885254,0.3472602461456479,6.15249638488756,0.9292992704775113,0.7632875906248494,32.46103203783737,32.48171193248281,37.76677176977083
